{"stats":{"minecraft:custom":{"minecraft:time_since_rest":19775,"minecraft:open_chest":1,"minecraft:sprint_one_cm":19189,"minecraft:play_time":19775,"minecraft:damage_taken":44,"minecraft:walk_one_cm":11876,"minecraft:sneak_time":13,"minecraft:walk_under_water_one_cm":1806,"minecraft:drop":1,"minecraft:jump":158,"minecraft:leave_game":6,"minecraft:walk_on_water_one_cm":2184,"minecraft:time_since_death":19775,"minecraft:total_world_time":19775,"minecraft:swim_one_cm":59655,"minecraft:fall_one_cm":5083,"minecraft:fly_one_cm":63452},"minecraft:dropped":{"minecraft:sand":1},"minecraft:picked_up":{"minecraft:rotten_flesh":1,"minecraft:sand":1},"minecraft:mined":{"minecraft:dead_bush":1,"minecraft:sand":1},"minecraft:used":{"minecraft:iron_boots":1,"ava:gun_colouring_table":1,"ava:gun_crafting_table":1}},"DataVersion":2730}