{"stats":{"minecraft:used":{"minecraft:iron_boots":1},"minecraft:dropped":{"minecraft:sand":1},"minecraft:mined":{"minecraft:dead_bush":1,"minecraft:sand":1},"minecraft:picked_up":{"minecraft:sand":1},"minecraft:custom":{"minecraft:jump":134,"minecraft:open_chest":1,"minecraft:time_since_rest":14757,"minecraft:damage_taken":20,"minecraft:leave_game":5,"minecraft:play_time":14757,"minecraft:sprint_one_cm":15744,"minecraft:time_since_death":14757,"minecraft:walk_on_water_one_cm":2184,"minecraft:walk_one_cm":7259,"minecraft:sneak_time":13,"minecraft:total_world_time":14757,"minecraft:walk_under_water_one_cm":1806,"minecraft:drop":1,"minecraft:swim_one_cm":59655,"minecraft:fall_one_cm":4398,"minecraft:fly_one_cm":35071}},"DataVersion":2730}